Páginas principales,Clics,Impresiones,CTR,Posición
https://www.gvcabogados.com/es/,290,9240,3.14%,33.28
https://www.gvcabogados.com/es/blog/cuanto-tarda-en-cobrarse-una-indemnizacion-por-accidente-de-trafico,280,34061,0.82%,4
https://www.gvcabogados.com/es/blog/inhabilitacion-profesional-en-que-casos-se-aplica,253,12264,2.06%,3.94
https://www.gvcabogados.com/es/blog/cuanto-tiempo-tarda-un-juicio-en-espana,231,72756,0.32%,2.48
https://www.gvcabogados.com/,105,4919,2.13%,8.15
https://www.gvcabogados.com/es/blog/matrimonio-civil-vs-matrimonio-religioso-implicaciones-legales-en-espana-y-recomendaciones-practicas,77,9986,0.77%,4.63
https://www.gvcabogados.com/es/blog/vicios-ocultos-en-una-vivienda-como-reclamar-al-vendedor,49,6406,0.76%,21.31
https://www.gvcabogados.com/es/derecho-privado/abogados-derecho-inmobiliario-murcia,39,19240,0.2%,67.99
https://www.gvcabogados.com/es/derecho-privado/abogados-negligencias-medicas-murcia,21,2317,0.91%,22.14
https://www.gvcabogados.com/es/contacto,21,1128,1.86%,3.81
https://www.gvcabogados.com/es/blog/contrato-de-arras-que-es-y-que-riesgos-tiene,18,2601,0.69%,5.28
https://www.gvcabogados.com/es/blog/impuestos-que-se-pagan-al-heredar-en-murcia,17,1181,1.44%,9.35
https://www.gvcabogados.com/es/derecho-publico/abogados-derecho-administrativo-murcia,15,2714,0.55%,17.95
https://www.gvcabogados.com/es/derecho-publico/abogados-extranjeria-inmigracion-murcia,13,3889,0.33%,17.4
https://www.gvcabogados.com/es/derecho-privado/abogados-responsabilidad-civil-seguros-murcia,13,2540,0.51%,20.65
https://www.gvcabogados.com/es/blog/modificacion-de-medidas-en-custodia-y-pension-cuando-es-posible,12,1009,1.19%,5.89
https://www.gvcabogados.com/es/blog/muertes-hospitalarias-cuando-puede-existir-negligencia-medica,9,687,1.31%,10.91
https://www.gvcabogados.com/es/blog/divorcio-express-en-murcia-requisitos-y-procedimiento,8,2746,0.29%,19.77
https://www.gvcabogados.com/es/blog/como-reclamar-una-negligencia-medica-en-murcia-paso-a-paso,8,1450,0.55%,33.86
https://www.gvcabogados.com/es/blog/reclamacion-por-latigazo-cervical-requisitos-y-pruebas,6,1352,0.44%,15.4
https://www.gvcabogados.com/es/derecho-privado/abogados-accidentes-trafico-murcia,3,2408,0.12%,32.31
https://www.gvcabogados.com/es/derecho-publico/abogados-derecho-penal-murcia,3,2045,0.15%,51.14
https://www.gvcabogados.com/index.php?option=com_jmap&view=sitemap&lang=es,3,549,0.55%,16.05
https://www.gvcabogados.com/es/derecho-privado/abogados-derecho-mercantil-murcia,1,3872,0.03%,24.92
https://www.gvcabogados.com/es/blog/que-pasa-si-me-despiden-estando-de-baja-medica,1,339,0.29%,4.82
https://www.gvcabogados.com/es/blog/como-solicitar-el-arraigo-social-en-murcia,1,277,0.36%,7.6
https://www.gvcabogados.com/es/blog/que-pasa-si-no-pago-una-multa-en-murcia,1,194,0.52%,3.74
https://www.gvcabogados.com/es/derecho-privado/abogados-derecho-familia-murcia,0,3361,0%,38.28
https://www.gvcabogados.com/es/derecho-privado/abogados-obligaciones-contratos-murcia,0,993,0%,23.29
https://www.gvcabogados.com/es/derecho-privado/abogados-derecho-sucesorio-herencias-murcia,0,496,0%,51.2
https://www.gvcabogados.com/es/derecho-privado,0,487,0%,7.23
https://www.gvcabogados.com/es/derecho-privado/abogados-mediacion-arbitraje-civil-mercantil,0,482,0%,6.09
https://www.gvcabogados.com/es/aviso-legal,0,188,0%,13.39
https://www.gvcabogados.com/es/blog/mediacion-vs-arbitraje-diferencias-clave,0,184,0%,8.45
https://www.gvcabogados.com/es/derecho-publico,0,169,0%,15.85
https://www.gvcabogados.com/es/blog/mi-ex-pareja-no-cumple-con-el-regimen-de-visitas-soluciones-legales-en-murcia,0,105,0%,7.46
https://www.gvcabogados.com/es/blog/cuanto-tarda-en-cobrarse-una-indemnizacion-por-accidente-de-trafico/,0,48,0%,2.48
https://www.gvcabogados.com/es/blog,0,27,0%,4.3
https://www.gvcabogados.com/es/blog/reagrupacion-familiar-en-espana-guia-practica-y-actualizada,0,27,0%,7.63
https://www.gvcabogados.com/es/blog/que-consecuencias-tiene-un-delito-de-alcoholemia-al-volante,0,26,0%,4.85
https://www.gvcabogados.com/en/,0,22,0%,14.05
https://www.gvcabogados.com/es/blog/contratos-de-alquiler-en-murcia-puntos-clave-para-no-tener-problemas,0,4,0%,36.25
https://www.gvcabogados.com/images/gvcabogados/garcia_valcarcel_caceres_abogados_dos_favicon_marron_vf.png,0,1,0%,21